time_index,timestamp,period,case_role,raw,monitoring_indicator,anomaly_score,threshold,alarm,in_event_window,instance_label
0,0,train,faulty,0.128818,0.128818,0.0,0.308274,0,0,0
1,1,train,faulty,0.166754,0.166754,0.0,0.308274,0,0,0
2,2,train,faulty,0.050211,0.050211,0.0,0.308274,0,0,0
3,3,train,faulty,-0.011191,-0.011191,0.0,0.308274,0,0,0
4,4,train,faulty,-0.022393,-0.022393,0.0,0.308274,0,0,0
5,5,train,faulty,0.111353,0.111353,0.0,0.308274,0,0,0
6,6,train,faulty,0.027199,0.027199,0.0,0.308274,0,0,0
7,7,train,faulty,0.00667,0.00667,0.0,0.308274,0,0,0
8,8,train,faulty,0.190941,0.190941,0.0,0.308274,0,0,0
9,9,train,faulty,0.204679,0.204679,0.0,0.308274,0,0,0
10,10,train,faulty,0.265956,0.265956,0.0,0.308274,0,0,0
11,11,train,faulty,0.139477,0.139477,0.0,0.308274,0,0,0
12,12,train,faulty,0.250501,0.250501,0.0,0.308274,0,0,0
13,13,train,faulty,0.262176,0.262176,0.0,0.308274,0,0,0
14,14,train,faulty,0.136205,0.136205,0.0,0.308274,0,0,0
15,15,train,faulty,0.35818,0.35818,0.0,0.308274,0,0,0
16,16,train,faulty,0.353465,0.353465,0.0,0.308274,0,0,0
17,17,train,faulty,0.576706,0.576706,0.10136,0.308274,0,0,0
18,18,train,faulty,0.37385,0.37385,0.0,0.308274,0,0,0
19,19,train,faulty,0.354168,0.354168,0.0,0.308274,0,0,0
20,20,train,faulty,0.506298,0.506298,0.0,0.308274,0,0,0
21,21,train,faulty,0.416556,0.416556,0.0,0.308274,0,0,0
22,22,train,faulty,0.500479,0.500479,0.0,0.308274,0,0,0
23,23,train,faulty,0.385141,0.385141,0.0,0.308274,0,0,0
24,24,train,faulty,0.45483,0.45483,0.0,0.308274,0,0,0
25,25,train,faulty,0.545934,0.545934,0.04054,0.308274,0,0,0
26,26,train,faulty,0.522779,0.522779,0.035312,0.308274,0,0,0
27,27,train,faulty,0.474787,0.474787,0.0,0.308274,0,0,0
28,28,train,faulty,0.361616,0.361616,0.0,0.308274,0,0,0
29,29,train,faulty,0.521381,0.521381,0.0,0.308274,0,0,0
30,30,train,faulty,0.490649,0.490649,0.0,0.308274,0,0,0
31,31,train,faulty,0.560195,0.560195,0.068725,0.308274,0,0,0
32,32,train,faulty,0.514027,0.514027,0.046201,0.308274,0,0,0
33,33,train,faulty,0.604541,0.604541,0.202576,0.308274,0,0,0
34,34,train,faulty,0.492941,0.492941,0.138375,0.308274,0,0,0
35,35,train,faulty,0.519721,0.519721,0.127103,0.308274,0,0,0
36,36,train,faulty,0.566678,0.566678,0.208642,0.308274,0,0,0
37,37,train,faulty,0.390836,0.390836,0.0,0.308274,0,0,0
38,38,train,faulty,0.457931,0.457931,0.0,0.308274,0,0,0
39,39,train,faulty,0.44572,0.44572,0.0,0.308274,0,0,0
40,40,train,faulty,0.690465,0.690465,0.326204,0.308274,1,0,0
41,41,train,faulty,0.478862,0.478862,0.234176,0.308274,0,0,0
42,42,train,faulty,0.548185,0.548185,0.279163,0.308274,0,0,0
43,43,train,faulty,0.538796,0.538796,0.305594,0.308274,0,0,0
44,44,train,faulty,0.441759,0.441759,0.140232,0.308274,0,0,0
45,45,train,faulty,0.306856,0.306856,0.0,0.308274,0,0,0
46,46,train,faulty,0.549638,0.549638,0.04786,0.308274,0,0,0
47,47,train,faulty,0.402786,0.402786,0.0,0.308274,0,0,0
48,48,train,faulty,0.504808,0.504808,0.0,0.308274,0,0,0
49,49,train,faulty,0.291169,0.291169,0.0,0.308274,0,0,0
50,50,train,faulty,0.365778,0.365778,0.0,0.308274,0,0,0
51,51,train,faulty,0.522359,0.522359,0.0,0.308274,0,0,0
52,52,train,faulty,0.526123,0.526123,0.001382,0.308274,0,0,0
53,53,train,faulty,0.238393,0.238393,0.0,0.308274,0,0,0
54,54,train,faulty,0.220273,0.220273,0.0,0.308274,0,0,0
55,55,train,faulty,0.333369,0.333369,0.0,0.308274,0,0,0
56,56,train,faulty,0.394218,0.394218,0.0,0.308274,0,0,0
57,57,train,faulty,0.320431,0.320431,0.0,0.308274,0,0,0
58,58,train,faulty,0.317144,0.317144,0.0,0.308274,0,0,0
59,59,train,faulty,0.169766,0.169766,0.0,0.308274,0,0,0
60,60,train,faulty,0.308679,0.308679,0.0,0.308274,0,0,0
61,61,train,faulty,0.34256,0.34256,0.0,0.308274,0,0,0
62,62,train,faulty,0.167742,0.167742,0.0,0.308274,0,0,0
63,63,train,faulty,0.047993,0.047993,0.0,0.308274,0,0,0
64,64,train,faulty,0.095128,0.095128,0.0,0.308274,0,0,0
65,65,train,faulty,0.226519,0.226519,0.0,0.308274,0,0,0
66,66,train,faulty,-0.04396,-0.04396,0.0,0.308274,0,0,0
67,67,train,faulty,0.099032,0.099032,0.0,0.308274,0,0,0
68,68,train,faulty,-0.012277,-0.012277,0.0,0.308274,0,0,0
69,69,train,faulty,0.05215,0.05215,0.0,0.308274,0,0,0
70,70,train,faulty,0.019126,0.019126,0.0,0.308274,0,0,0
71,71,train,faulty,0.023395,0.023395,0.0,0.308274,0,0,0
72,72,train,faulty,0.150121,0.150121,0.0,0.308274,0,0,0
73,73,train,faulty,0.020261,0.020261,0.0,0.308274,0,0,0
74,74,train,faulty,0.089793,0.089793,0.0,0.308274,0,0,0
75,75,train,faulty,-0.079404,-0.079404,0.0,0.308274,0,0,0
76,76,train,faulty,-0.134783,-0.134783,0.0,0.308274,0,0,0
77,77,train,faulty,-0.070339,-0.070339,0.0,0.308274,0,0,0
78,78,train,faulty,-0.412989,-0.412989,0.0,0.308274,0,0,0
79,79,train,faulty,-0.154342,-0.154342,0.0,0.308274,0,0,0
80,80,train,faulty,-0.154993,-0.154993,0.0,0.308274,0,0,0
81,81,train,faulty,-0.314863,-0.314863,0.0,0.308274,0,0,0
82,82,train,faulty,-0.164873,-0.164873,0.0,0.308274,0,0,0
83,83,train,faulty,-0.286799,-0.286799,0.0,0.308274,0,0,0
84,84,train,faulty,-0.49591,-0.49591,0.0,0.308274,0,0,0
85,85,train,faulty,-0.289982,-0.289982,0.0,0.308274,0,0,0
86,86,train,faulty,-0.384673,-0.384673,0.0,0.308274,0,0,0
87,87,train,faulty,-0.35644,-0.35644,0.0,0.308274,0,0,0
88,88,train,faulty,-0.336622,-0.336622,0.0,0.308274,0,0,0
89,89,train,faulty,-0.212698,-0.212698,0.0,0.308274,0,0,0
90,90,train,faulty,-0.343239,-0.343239,0.0,0.308274,0,0,0
91,91,train,faulty,-0.371487,-0.371487,0.0,0.308274,0,0,0
92,92,train,faulty,-0.344122,-0.344122,0.0,0.308274,0,0,0
93,93,train,faulty,-0.577886,-0.577886,0.080684,0.308274,0,0,0
94,94,train,faulty,-0.285564,-0.285564,0.0,0.308274,0,0,0
95,95,train,faulty,-0.529404,-0.529404,0.0,0.308274,0,0,0
96,96,train,faulty,-0.389103,-0.389103,0.0,0.308274,0,0,0
97,97,train,faulty,-0.556183,-0.556183,0.037789,0.308274,0,0,0
98,98,train,faulty,-0.550802,-0.550802,0.064942,0.308274,0,0,0
99,99,train,faulty,-0.501569,-0.501569,0.0,0.308274,0,0,0
100,100,train,faulty,-0.280271,-0.280271,0.0,0.308274,0,0,0
101,101,train,faulty,-0.407092,-0.407092,0.0,0.308274,0,0,0
102,102,train,faulty,-0.543383,-0.543383,0.012488,0.308274,0,0,0
103,103,train,faulty,-0.516579,-0.516579,0.0,0.308274,0,0,0
104,104,train,faulty,-0.607544,-0.607544,0.139302,0.308274,0,0,0
105,105,train,faulty,-0.499138,-0.499138,0.064342,0.308274,0,0,0
106,106,train,faulty,-0.555405,-0.555405,0.100591,0.308274,0,0,0
107,107,train,faulty,-0.427335,-0.427335,0.0,0.308274,0,0,0
108,108,train,faulty,-0.635707,-0.635707,0.194966,0.308274,0,0,0
109,109,train,faulty,-0.532988,-0.532988,0.18691,0.308274,0,0,0
110,110,train,faulty,-0.582298,-0.582298,0.276315,0.308274,0,0,0
111,111,train,faulty,-0.567593,-0.567593,0.336655,0.308274,1,0,0
112,112,train,faulty,-0.421288,-0.421288,0.107824,0.308274,0,0,0
113,113,train,faulty,-0.475517,-0.475517,0.0,0.308274,0,0,0
114,114,train,faulty,-0.424443,-0.424443,0.0,0.308274,0,0,0
115,115,train,faulty,-0.357951,-0.357951,0.0,0.308274,0,0,0
116,116,train,faulty,-0.354889,-0.354889,0.0,0.308274,0,0,0
117,117,train,faulty,-0.599119,-0.599119,0.122651,0.308274,0,0,0
118,118,train,faulty,-0.399457,-0.399457,0.0,0.308274,0,0,0
119,119,train,faulty,-0.619632,-0.619632,0.163195,0.308274,0,0,0
120,120,train,faulty,-0.439399,-0.439399,0.0,0.308274,0,0,0
121,121,train,faulty,-0.229784,-0.229784,0.0,0.308274,0,0,0
122,122,train,faulty,-0.428942,-0.428942,0.0,0.308274,0,0,0
123,123,train,faulty,-0.433596,-0.433596,0.0,0.308274,0,0,0
124,124,train,faulty,-0.365989,-0.365989,0.0,0.308274,0,0,0
125,125,train,faulty,-0.366846,-0.366846,0.0,0.308274,0,0,0
126,126,train,faulty,-0.350894,-0.350894,0.0,0.308274,0,0,0
127,127,train,faulty,-0.413524,-0.413524,0.0,0.308274,0,0,0
128,128,train,faulty,-0.213219,-0.213219,0.0,0.308274,0,0,0
129,129,train,faulty,-0.215475,-0.215475,0.0,0.308274,0,0,0
130,130,train,faulty,-0.308011,-0.308011,0.0,0.308274,0,0,0
131,131,train,faulty,-0.237176,-0.237176,0.0,0.308274,0,0,0
132,132,train,faulty,-0.184155,-0.184155,0.0,0.308274,0,0,0
133,133,train,faulty,-0.127657,-0.127657,0.0,0.308274,0,0,0
134,134,train,faulty,-0.172034,-0.172034,0.0,0.308274,0,0,0
135,135,train,faulty,-0.121832,-0.121832,0.0,0.308274,0,0,0
136,136,train,faulty,-0.197331,-0.197331,0.0,0.308274,0,0,0
137,137,train,faulty,-0.25729,-0.25729,0.0,0.308274,0,0,0
138,138,train,faulty,-0.178943,-0.178943,0.0,0.308274,0,0,0
139,139,train,faulty,-0.006304,-0.006304,0.0,0.308274,0,0,0
140,140,train,faulty,0.010948,0.010948,0.0,0.308274,0,0,0
141,141,train,faulty,-0.050636,-0.050636,0.0,0.308274,0,0,0
142,142,train,faulty,-0.100318,-0.100318,0.0,0.308274,0,0,0
143,143,train,faulty,0.008958,0.008958,0.0,0.308274,0,0,0
144,144,train,faulty,0.166343,0.166343,0.0,0.308274,0,0,0
145,145,train,faulty,0.157255,0.157255,0.0,0.308274,0,0,0
146,146,train,faulty,-0.024778,-0.024778,0.0,0.308274,0,0,0
147,147,train,faulty,0.060912,0.060912,0.0,0.308274,0,0,0
148,148,train,faulty,-0.058347,-0.058347,0.0,0.308274,0,0,0
149,149,train,faulty,-0.005337,-0.005337,0.0,0.308274,0,0,0
150,150,train,faulty,0.148235,0.148235,0.0,0.308274,0,0,0
151,151,train,faulty,0.152829,0.152829,0.0,0.308274,0,0,0
152,152,train,faulty,0.267486,0.267486,0.0,0.308274,0,0,0
153,153,train,faulty,0.318104,0.318104,0.0,0.308274,0,0,0
154,154,train,faulty,0.2948,0.2948,0.0,0.308274,0,0,0
155,155,train,faulty,0.362852,0.362852,0.0,0.308274,0,0,0
156,156,train,faulty,0.195291,0.195291,0.0,0.308274,0,0,0
157,157,train,faulty,0.155765,0.155765,0.0,0.308274,0,0,0
158,158,train,faulty,0.336841,0.336841,0.0,0.308274,0,0,0
159,159,train,faulty,0.572249,0.572249,0.092551,0.308274,0,0,0
160,160,train,faulty,0.357073,0.357073,0.0,0.308274,0,0,0
161,161,train,faulty,0.22262,0.22262,0.0,0.308274,0,0,0
162,162,train,faulty,0.377793,0.377793,0.0,0.308274,0,0,0
163,163,train,faulty,0.5112,0.5112,0.0,0.308274,0,0,0
164,164,train,faulty,0.279587,0.279587,0.0,0.308274,0,0,0
165,165,train,faulty,0.477015,0.477015,0.0,0.308274,0,0,0
166,166,train,faulty,0.348459,0.348459,0.0,0.308274,0,0,0
167,167,train,faulty,0.548979,0.548979,0.046558,0.308274,0,0,0
168,168,train,faulty,0.511557,0.511557,0.01915,0.308274,0,0,0
169,169,train,faulty,0.473912,0.473912,0.0,0.308274,0,0,0
170,170,train,faulty,0.65316,0.65316,0.25247,0.308274,0,0,0
171,171,train,faulty,0.421049,0.421049,0.046174,0.308274,0,0,0
172,172,train,faulty,0.401237,0.401237,0.0,0.308274,0,0,0
173,173,train,faulty,0.662341,0.662341,0.270617,0.308274,0,0,0
174,174,train,faulty,0.395321,0.395321,0.013471,0.308274,0,0,0
175,175,train,faulty,0.708037,0.708037,0.374406,0.308274,1,0,0
176,176,train,faulty,0.488391,0.488391,0.301211,0.308274,0,0,0
177,177,train,faulty,0.392055,0.392055,0.03761,0.308274,0,0,0
178,178,train,faulty,0.497904,0.497904,0.0,0.308274,0,0,0
179,179,train,faulty,0.512574,0.512574,0.0,0.308274,0,0,0
180,180,train,faulty,0.520115,0.520115,0.0,0.308274,0,0,0
181,181,train,faulty,0.480328,0.480328,0.0,0.308274,0,0,0
182,182,train,faulty,0.606222,0.606222,0.159697,0.308274,0,0,0
183,183,train,faulty,0.263734,0.263734,0.0,0.308274,0,0,0
184,184,train,faulty,0.436944,0.436944,0.0,0.308274,0,0,0
185,185,train,faulty,0.461931,0.461931,0.0,0.308274,0,0,0
186,186,train,faulty,0.66493,0.66493,0.275734,0.308274,0,0,0
187,187,train,faulty,0.277587,0.277587,0.0,0.308274,0,0,0
188,188,train,faulty,0.435874,0.435874,0.0,0.308274,0,0,0
189,189,train,faulty,0.347629,0.347629,0.0,0.308274,0,0,0
190,190,train,faulty,0.386673,0.386673,0.0,0.308274,0,0,0
191,191,train,faulty,0.507551,0.507551,0.0,0.308274,0,0,0
192,192,train,faulty,0.474104,0.474104,0.0,0.308274,0,0,0
193,193,train,faulty,0.565703,0.565703,0.079612,0.308274,0,0,0
194,194,train,faulty,0.349621,0.349621,0.0,0.308274,0,0,0
195,195,train,faulty,0.423543,0.423543,0.0,0.308274,0,0,0
196,196,train,faulty,0.500361,0.500361,0.0,0.308274,0,0,0
197,197,train,faulty,0.458978,0.458978,0.0,0.308274,0,0,0
198,198,train,faulty,0.319953,0.319953,0.0,0.308274,0,0,0
199,199,train,faulty,0.450605,0.450605,0.0,0.308274,0,0,0
200,200,train,faulty,0.229014,0.229014,0.0,0.308274,0,0,0
201,201,train,faulty,0.484718,0.484718,0.0,0.308274,0,0,0
202,202,train,faulty,0.302225,0.302225,0.0,0.308274,0,0,0
203,203,train,faulty,0.257386,0.257386,0.0,0.308274,0,0,0
204,204,train,faulty,0.277085,0.277085,0.0,0.308274,0,0,0
205,205,train,faulty,0.315778,0.315778,0.0,0.308274,0,0,0
206,206,train,faulty,0.385458,0.385458,0.0,0.308274,0,0,0
207,207,train,faulty,0.17714,0.17714,0.0,0.308274,0,0,0
208,208,train,faulty,0.134253,0.134253,0.0,0.308274,0,0,0
209,209,train,faulty,0.209006,0.209006,0.0,0.308274,0,0,0
210,210,train,faulty,0.042252,0.042252,0.0,0.308274,0,0,0
211,211,train,faulty,-0.061397,-0.061397,0.0,0.308274,0,0,0
212,212,train,faulty,0.170417,0.170417,0.0,0.308274,0,0,0
213,213,train,faulty,0.027322,0.027322,0.0,0.308274,0,0,0
214,214,train,faulty,0.156259,0.156259,0.0,0.308274,0,0,0
215,215,train,faulty,-0.08086,-0.08086,0.0,0.308274,0,0,0
216,216,train,faulty,-0.289625,-0.289625,0.0,0.308274,0,0,0
217,217,train,faulty,0.006489,0.006489,0.0,0.308274,0,0,0
218,218,train,faulty,-0.028085,-0.028085,0.0,0.308274,0,0,0
219,219,train,faulty,0.094779,0.094779,0.0,0.308274,0,0,0
220,220,train,faulty,-0.034269,-0.034269,0.0,0.308274,0,0,0
221,221,train,faulty,-0.077281,-0.077281,0.0,0.308274,0,0,0
222,222,train,faulty,-0.070746,-0.070746,0.0,0.308274,0,0,0
223,223,train,faulty,-0.187073,-0.187073,0.0,0.308274,0,0,0
224,224,train,faulty,-0.163258,-0.163258,0.0,0.308274,0,0,0
225,225,train,faulty,-0.326531,-0.326531,0.0,0.308274,0,0,0
226,226,train,faulty,-0.159394,-0.159394,0.0,0.308274,0,0,0
227,227,train,faulty,-0.311407,-0.311407,0.0,0.308274,0,0,0
228,228,train,faulty,-0.294583,-0.294583,0.0,0.308274,0,0,0
229,229,train,faulty,-0.198675,-0.198675,0.0,0.308274,0,0,0
230,230,train,faulty,-0.195235,-0.195235,0.0,0.308274,0,0,0
231,231,train,faulty,-0.405098,-0.405098,0.0,0.308274,0,0,0
232,232,train,faulty,-0.121009,-0.121009,0.0,0.308274,0,0,0
233,233,train,faulty,-0.396959,-0.396959,0.0,0.308274,0,0,0
234,234,train,faulty,-0.270052,-0.270052,0.0,0.308274,0,0,0
235,235,train,faulty,-0.273509,-0.273509,0.0,0.308274,0,0,0
236,236,train,faulty,-0.360616,-0.360616,0.0,0.308274,0,0,0
237,237,train,faulty,-0.379459,-0.379459,0.0,0.308274,0,0,0
238,238,train,faulty,-0.229856,-0.229856,0.0,0.308274,0,0,0
239,239,train,faulty,-0.332679,-0.332679,0.0,0.308274,0,0,0
240,240,train,faulty,-0.388468,-0.388468,0.0,0.308274,0,0,0
241,241,train,faulty,-0.625933,-0.625933,0.175649,0.308274,0,0,0
242,242,train,faulty,-0.527863,-0.527863,0.157463,0.308274,0,0,0
243,243,train,faulty,-0.345671,-0.345671,0.0,0.308274,0,0,0
244,244,train,faulty,-0.450441,-0.450441,0.0,0.308274,0,0,0
245,245,train,faulty,-0.572363,-0.572363,0.069767,0.308274,0,0,0
246,246,train,faulty,-0.547207,-0.547207,0.089813,0.308274,0,0,0
247,247,train,faulty,-0.518765,-0.518765,0.053645,0.308274,0,0,0
248,248,train,faulty,-0.423797,-0.423797,0.0,0.308274,0,0,0
249,249,train,faulty,-0.457021,-0.457021,0.0,0.308274,0,0,0
250,250,train,faulty,-0.39836,-0.39836,0.0,0.308274,0,0,0
251,251,train,faulty,-0.581226,-0.581226,0.087286,0.308274,0,0,0
252,252,train,faulty,-0.401398,-0.401398,0.0,0.308274,0,0,0
253,253,train,faulty,-0.549712,-0.549712,0.024998,0.308274,0,0,0
254,254,train,faulty,-0.527989,-0.527989,0.007062,0.308274,0,0,0
255,255,train,faulty,-0.32241,-0.32241,0.0,0.308274,0,0,0
256,256,train,faulty,-0.484994,-0.484994,0.0,0.308274,0,0,0
257,257,train,faulty,-0.502086,-0.502086,0.0,0.308274,0,0,0
258,258,train,faulty,-0.503991,-0.503991,0.0,0.308274,0,0,0
259,259,train,faulty,-0.515343,-0.515343,0.0,0.308274,0,0,0
260,260,train,faulty,-0.313907,-0.313907,0.0,0.308274,0,0,0
261,261,train,faulty,-0.324282,-0.324282,0.0,0.308274,0,0,0
262,262,train,faulty,-0.381461,-0.381461,0.0,0.308274,0,0,0
263,263,train,faulty,-0.425087,-0.425087,0.0,0.308274,0,0,0
264,264,train,faulty,-0.328758,-0.328758,0.0,0.308274,0,0,0
265,265,train,faulty,-0.429467,-0.429467,0.0,0.308274,0,0,0
266,266,train,faulty,-0.364314,-0.364314,0.0,0.308274,0,0,0
267,267,train,faulty,-0.35649,-0.35649,0.0,0.308274,0,0,0
268,268,train,faulty,-0.374127,-0.374127,0.0,0.308274,0,0,0
269,269,train,faulty,-0.203797,-0.203797,0.0,0.308274,0,0,0
270,270,train,faulty,-0.178028,-0.178028,0.0,0.308274,0,0,0
271,271,train,faulty,-0.20543,-0.20543,0.0,0.308274,0,0,0
272,272,train,faulty,-0.512709,-0.512709,0.0,0.308274,0,0,0
273,273,train,faulty,-0.120787,-0.120787,0.0,0.308274,0,0,0
274,274,train,faulty,-0.21655,-0.21655,0.0,0.308274,0,0,0
275,275,train,faulty,-0.313707,-0.313707,0.0,0.308274,0,0,0
276,276,train,faulty,-0.252439,-0.252439,0.0,0.308274,0,0,0
277,277,train,faulty,-0.117041,-0.117041,0.0,0.308274,0,0,0
278,278,train,faulty,-0.093823,-0.093823,0.0,0.308274,0,0,0
279,279,train,faulty,-0.105837,-0.105837,0.0,0.308274,0,0,0
280,280,train,faulty,-0.156924,-0.156924,0.0,0.308274,0,0,0
281,281,train,faulty,-0.146772,-0.146772,0.0,0.308274,0,0,0
282,282,train,faulty,-0.046204,-0.046204,0.0,0.308274,0,0,0
283,283,train,faulty,-0.117362,-0.117362,0.0,0.308274,0,0,0
284,284,train,faulty,-0.176631,-0.176631,0.0,0.308274,0,0,0
285,285,train,faulty,-0.1276,-0.1276,0.0,0.308274,0,0,0
286,286,train,faulty,-0.057543,-0.057543,0.0,0.308274,0,0,0
287,287,train,faulty,0.011442,0.011442,0.0,0.308274,0,0,0
288,288,val,faulty,0.22637,0.22637,0.0,0.308274,0,0,0
289,289,val,faulty,-0.115171,-0.115171,0.0,0.308274,0,0,0
290,290,val,faulty,0.091299,0.091299,0.0,0.308274,0,0,0
291,291,val,faulty,0.056097,0.056097,0.0,0.308274,0,0,0
292,292,val,faulty,0.116915,0.116915,0.0,0.308274,0,0,0
293,293,val,faulty,0.243612,0.243612,0.0,0.308274,0,0,0
294,294,val,faulty,0.253549,0.253549,0.0,0.308274,0,0,0
295,295,val,faulty,0.134633,0.134633,0.0,0.308274,0,0,0
296,296,val,faulty,0.115248,0.115248,0.0,0.308274,0,0,0
297,297,val,faulty,0.055052,0.055052,0.0,0.308274,0,0,0
298,298,val,faulty,0.204183,0.204183,0.0,0.308274,0,0,0
299,299,val,faulty,0.355572,0.355572,0.0,0.308274,0,0,0
300,300,val,faulty,0.223492,0.223492,0.0,0.308274,0,0,0
301,301,val,faulty,0.33904,0.33904,0.0,0.308274,0,0,0
302,302,val,faulty,0.357597,0.357597,0.0,0.308274,0,0,0
303,303,val,faulty,0.344105,0.344105,0.0,0.308274,0,0,0
304,304,val,faulty,0.429798,0.429798,0.0,0.308274,0,0,0
305,305,val,faulty,0.326431,0.326431,0.0,0.308274,0,0,0
306,306,val,faulty,0.270611,0.270611,0.0,0.308274,0,0,0
307,307,val,faulty,0.251391,0.251391,0.0,0.308274,0,0,0
308,308,val,faulty,0.475709,0.475709,0.0,0.308274,0,0,0
309,309,val,faulty,0.360473,0.360473,0.0,0.308274,0,0,0
310,310,val,faulty,0.378479,0.378479,0.0,0.308274,0,0,0
311,311,val,faulty,0.505124,0.505124,0.0,0.308274,0,0,0
312,312,val,faulty,0.354105,0.354105,0.0,0.308274,0,0,0
313,313,val,faulty,0.62053,0.62053,0.187977,0.308274,0,0,0
314,314,val,faulty,0.519772,0.519772,0.176807,0.308274,0,0,0
315,315,val,faulty,0.409253,0.409253,0.0,0.308274,0,0,0
316,316,val,faulty,0.406485,0.406485,0.0,0.308274,0,0,0
317,317,val,faulty,0.585027,0.585027,0.117807,0.308274,0,0,0
318,318,val,faulty,0.364576,0.364576,0.0,0.308274,0,0,0
319,319,val,faulty,0.424043,0.424043,0.0,0.308274,0,0,0
320,320,val,faulty,0.493029,0.493029,0.0,0.308274,0,0,0
321,321,val,faulty,0.516003,0.516003,0.0,0.308274,0,0,0
322,322,val,faulty,0.499616,0.499616,0.0,0.308274,0,0,0
323,323,val,faulty,0.538244,0.538244,0.02534,0.308274,0,0,0
324,324,val,faulty,0.463613,0.463613,0.0,0.308274,0,0,0
325,325,val,faulty,0.487396,0.487396,0.0,0.308274,0,0,0
326,326,val,faulty,0.624612,0.624612,0.196045,0.308274,0,0,0
327,327,val,faulty,0.560315,0.560315,0.265008,0.308274,0,0,0
328,328,val,faulty,0.447435,0.447435,0.110864,0.308274,0,0,0
329,329,val,faulty,0.659612,0.659612,0.376086,0.308274,1,0,0
330,330,val,faulty,0.283882,0.283882,0.0,0.308274,0,0,0
331,331,val,faulty,0.485293,0.485293,0.0,0.308274,0,0,0
332,332,val,faulty,0.536665,0.536665,0.022219,0.308274,0,0,0
333,333,val,faulty,0.559179,0.559179,0.088937,0.308274,0,0,0
334,334,val,faulty,0.464326,0.464326,0.0,0.308274,0,0,0
335,335,val,faulty,0.405034,0.405034,0.0,0.308274,0,0,0
336,336,val,faulty,0.491584,0.491584,0.0,0.308274,0,0,0
337,337,val,faulty,0.40235,0.40235,0.0,0.308274,0,0,0
338,338,val,faulty,0.457047,0.457047,0.0,0.308274,0,0,0
339,339,val,faulty,0.111016,0.111016,0.0,0.308274,0,0,0
340,340,val,faulty,0.421173,0.421173,0.0,0.308274,0,0,0
341,341,val,faulty,0.289573,0.289573,0.0,0.308274,0,0,0
342,342,val,faulty,0.447647,0.447647,0.0,0.308274,0,0,0
343,343,val,faulty,0.412576,0.412576,0.0,0.308274,0,0,0
344,344,val,faulty,0.394277,0.394277,0.0,0.308274,0,0,0
345,345,val,faulty,0.263928,0.263928,0.0,0.308274,0,0,0
346,346,val,faulty,0.3302,0.3302,0.0,0.308274,0,0,0
347,347,val,faulty,0.23443,0.23443,0.0,0.308274,0,0,0
348,348,val,faulty,0.271493,0.271493,0.0,0.308274,0,0,0
349,349,val,faulty,0.217326,0.217326,0.0,0.308274,0,0,0
350,350,val,faulty,0.124174,0.124174,0.0,0.308274,0,0,0
351,351,val,faulty,0.389045,0.389045,0.0,0.308274,0,0,0
352,352,val,faulty,0.243388,0.243388,0.0,0.308274,0,0,0
353,353,val,faulty,-0.055311,-0.055311,0.0,0.308274,0,0,0
354,354,val,faulty,0.218772,0.218772,0.0,0.308274,0,0,0
355,355,val,faulty,-0.031198,-0.031198,0.0,0.308274,0,0,0
356,356,val,faulty,0.063616,0.063616,0.0,0.308274,0,0,0
357,357,val,faulty,0.007079,0.007079,0.0,0.308274,0,0,0
358,358,val,faulty,-0.009875,-0.009875,0.0,0.308274,0,0,0
359,359,val,faulty,0.045889,0.045889,0.0,0.308274,0,0,0
360,360,test,faulty,-0.032544,-0.032544,0.0,0.308274,0,0,0
361,361,test,faulty,-0.166654,-0.166654,0.0,0.308274,0,0,0
362,362,test,faulty,-0.044171,-0.044171,0.0,0.308274,0,0,0
363,363,test,faulty,-0.028776,-0.028776,0.0,0.308274,0,0,0
364,364,test,faulty,0.090133,0.090133,0.0,0.308274,0,0,0
365,365,test,faulty,-0.149663,-0.149663,0.0,0.308274,0,0,0
366,366,test,faulty,-0.248336,-0.248336,0.0,0.308274,0,0,0
367,367,test,faulty,-0.188392,-0.188392,0.0,0.308274,0,0,0
368,368,test,faulty,-0.105694,-0.105694,0.0,0.308274,0,0,0
369,369,test,faulty,-0.279723,-0.279723,0.0,0.308274,0,0,0
370,370,test,faulty,-0.283414,-0.283414,0.0,0.308274,0,0,0
371,371,test,faulty,-0.175458,-0.175458,0.0,0.308274,0,0,0
372,372,test,faulty,-0.251113,-0.251113,0.0,0.308274,0,0,0
373,373,test,faulty,-0.246446,-0.246446,0.0,0.308274,0,0,0
374,374,test,faulty,-0.349682,-0.349682,0.0,0.308274,0,0,0
375,375,test,faulty,-0.386994,-0.386994,0.0,0.308274,0,0,0
376,376,test,faulty,-0.353796,-0.353796,0.0,0.308274,0,0,0
377,377,test,faulty,-0.353193,-0.353193,0.0,0.308274,0,0,0
378,378,test,faulty,-0.386977,-0.386977,0.0,0.308274,0,0,0
379,379,test,faulty,-0.325517,-0.325517,0.0,0.308274,0,0,0
380,380,test,faulty,-0.328303,-0.328303,0.0,0.308274,0,0,0
381,381,test,faulty,-0.341869,-0.341869,0.0,0.308274,0,0,0
382,382,test,faulty,-0.361649,-0.361649,0.0,0.308274,0,0,0
383,383,test,faulty,-0.510275,-0.510275,0.0,0.308274,0,0,0
384,384,test,faulty,-0.544952,-0.544952,0.01559,0.308274,0,0,0
385,385,test,faulty,-0.363334,-0.363334,0.0,0.308274,0,0,0
386,386,test,faulty,-0.451888,-0.451888,0.0,0.308274,0,0,0
387,387,test,faulty,-0.449754,-0.449754,0.0,0.308274,0,0,0
388,388,test,faulty,-0.585828,-0.585828,0.096382,0.308274,0,0,0
389,389,test,faulty,-0.498004,-0.498004,0.01918,0.308274,0,0,0
390,390,test,faulty,-0.546727,-0.546727,0.038279,0.308274,0,0,0
391,391,test,faulty,-0.57458,-0.57458,0.112428,0.308274,0,0,0
392,392,test,faulty,-0.555383,-0.555383,0.148635,0.308274,0,0,0
393,393,test,faulty,-0.645141,-0.645141,0.362248,0.308274,1,0,0
394,394,test,faulty,-0.489566,-0.489566,0.268367,0.308274,0,0,0
395,395,test,faulty,-0.382931,-0.382931,0.0,0.308274,0,0,0
396,396,test,faulty,-0.570779,-0.570779,0.066638,0.308274,0,0,0
397,397,test,faulty,-0.490052,-0.490052,0.0,0.308274,0,0,0
398,398,test,faulty,-0.607308,-0.607308,0.138837,0.308274,0,0,0
399,399,test,faulty,-0.428558,-0.428558,0.0,0.308274,0,0,0
400,400,test,faulty,-0.30604,-0.30604,0.0,0.308274,0,0,0
401,401,test,faulty,-0.611508,-0.611508,0.147138,0.308274,0,0,0
402,402,test,faulty,-0.505722,-0.505722,0.08519,0.308274,0,0,0
403,403,test,faulty,-0.334469,-0.334469,0.0,0.308274,0,0,0
404,404,test,faulty,-0.433067,-0.433067,0.0,0.308274,0,0,0
405,405,test,faulty,-0.450448,-0.450448,0.0,0.308274,0,0,0
406,406,test,faulty,-0.657493,-0.657493,0.238026,0.308274,0,0,0
407,407,test,faulty,-0.458543,-0.458543,0.08283,0.308274,0,0,0
408,408,test,faulty,-0.341204,-0.341204,0.0,0.308274,0,0,0
409,409,test,faulty,-0.278092,-0.278092,0.0,0.308274,0,0,0
410,410,test,faulty,-0.345449,-0.345449,0.0,0.308274,0,0,0
411,411,test,faulty,-0.454653,-0.454653,0.0,0.308274,0,0,0
412,412,test,faulty,-0.451688,-0.451688,0.0,0.308274,0,0,0
413,413,test,faulty,-0.550554,-0.550554,0.026663,0.308274,0,0,0
414,414,test,faulty,-0.461111,-0.461111,0.0,0.308274,0,0,0
415,415,test,faulty,-0.225561,-0.225561,0.0,0.308274,0,0,0
416,416,test,faulty,-0.332847,-0.332847,0.0,0.308274,0,0,0
417,417,test,faulty,-0.438266,-0.438266,0.0,0.308274,0,0,0
418,418,test,faulty,-0.154871,-0.154871,0.0,0.308274,0,0,0
419,419,test,faulty,-0.435927,-0.435927,0.0,0.308274,0,0,0
420,420,test,faulty,-0.123931,-0.123931,0.0,0.308274,0,0,0
421,421,test,faulty,-0.263177,-0.263177,0.0,0.308274,0,0,0
422,422,test,faulty,-0.177369,-0.177369,0.0,0.308274,0,0,0
423,423,test,faulty,-0.123389,-0.123389,0.0,0.308274,0,0,0
424,424,test,faulty,-0.144776,-0.144776,0.0,0.308274,0,0,0
425,425,test,faulty,-0.023197,-0.023197,0.0,0.308274,0,0,0
426,426,test,faulty,-0.127817,-0.127817,0.0,0.308274,0,0,0
427,427,test,faulty,-0.140904,-0.140904,0.0,0.308274,0,0,0
428,428,test,faulty,-0.153009,-0.153009,0.0,0.308274,0,0,0
429,429,test,faulty,-0.20975,-0.20975,0.0,0.308274,0,0,0
430,430,test,faulty,-0.113054,-0.113054,0.0,0.308274,0,0,0
431,431,test,faulty,0.076412,0.076412,0.0,0.308274,0,0,0
432,432,test,faulty,0.082539,0.082539,0.0,0.308274,0,0,0
433,433,test,faulty,0.160972,0.160972,0.0,0.308274,0,0,0
434,434,test,faulty,0.316363,0.316363,0.0,0.308274,0,0,0
435,435,test,faulty,0.136599,0.136599,0.0,0.308274,0,0,0
436,436,test,faulty,0.136931,0.136931,0.0,0.308274,0,0,0
437,437,test,faulty,-0.023274,-0.023274,0.0,0.308274,0,0,0
438,438,test,faulty,0.105131,0.105131,0.0,0.308274,0,0,0
439,439,test,faulty,0.369934,0.369934,0.0,0.308274,0,0,0
440,440,test,faulty,0.223979,0.223979,0.0,0.308274,0,0,0
441,441,test,faulty,0.177542,0.177542,0.0,0.308274,0,0,0
442,442,test,faulty,0.242259,0.242259,0.0,0.308274,0,0,0
443,443,test,faulty,0.041305,0.041305,0.0,0.308274,0,0,0
444,444,test,faulty,0.166573,0.166573,0.0,0.308274,0,0,0
445,445,test,faulty,0.137705,0.137705,0.0,0.308274,0,0,0
446,446,test,faulty,0.072988,0.072988,0.0,0.308274,0,0,0
447,447,test,faulty,0.381264,0.381264,0.0,0.308274,0,0,0
448,448,test,faulty,0.417959,0.417959,0.0,0.308274,0,0,0
449,449,test,faulty,0.320133,0.320133,0.0,0.308274,0,0,0
450,450,test,faulty,0.388189,0.388189,0.0,0.308274,0,0,0
451,451,test,faulty,0.267914,0.267914,0.0,0.308274,0,0,0
452,452,test,faulty,0.428312,0.428312,0.0,0.308274,0,0,0
453,453,test,faulty,0.472989,0.472989,0.0,0.308274,0,0,0
454,454,test,faulty,0.563055,0.563055,0.074379,0.308274,0,0,0
455,455,test,faulty,0.577762,0.577762,0.177826,0.308274,0,0,0
456,456,test,faulty,0.481765,0.481765,0.091535,0.308274,0,0,0
457,457,test,faulty,0.4308,0.4308,0.0,0.308274,0,0,0
458,458,test,faulty,0.370541,0.370541,0.0,0.308274,0,0,0
459,459,test,faulty,0.401378,0.401378,0.0,0.308274,0,0,0
460,460,test,faulty,0.53154,0.53154,0.012088,0.308274,0,0,0
461,461,test,faulty,0.533415,0.533415,0.027883,0.308274,0,0,0
462,462,test,faulty,0.484828,0.484828,0.0,0.308274,0,0,0
463,463,test,faulty,0.654547,0.654547,0.255212,0.308274,0,0,0
464,464,test,faulty,0.557271,0.557271,0.318158,0.308274,1,0,0
465,465,test,faulty,0.497357,0.497357,0.262685,0.308274,0,0,0
466,466,test,faulty,0.478985,0.478985,0.170898,0.308274,0,0,0
467,467,test,faulty,0.507262,0.507262,0.135003,0.308274,0,0,0
468,468,test,faulty,0.405083,0.405083,0.0,0.308274,0,0,0
469,469,test,faulty,0.401545,0.401545,0.0,0.308274,0,0,0
470,470,test,faulty,0.532852,0.532852,0.014682,0.308274,0,0,0
471,471,test,faulty,0.437235,0.437235,0.0,0.308274,0,0,0
472,472,test,faulty,0.465297,0.465297,0.0,0.308274,0,0,0
473,473,test,faulty,0.610204,0.610204,0.167569,0.308274,0,0,0
474,474,test,faulty,0.463658,0.463658,0.045489,0.308274,0,0,0
475,475,test,faulty,0.608207,0.608207,0.209111,0.308274,0,0,0
476,476,test,faulty,0.469005,0.469005,0.097601,0.308274,0,0,0
477,477,test,faulty,0.613629,0.613629,0.271939,0.308274,0,0,0
478,478,test,faulty,0.499587,0.499587,0.220873,0.308274,0,0,0
479,479,test,faulty,0.267672,0.267672,0.0,0.308274,0,0,0
480,480,test,faulty,0.680693,0.680693,0.30689,0.308274,0,1,1
481,481,test,faulty,0.380256,0.380256,0.019968,0.308274,0,1,1
482,482,test,faulty,0.0167,0.0167,0.0,0.308274,0,1,1
483,483,test,faulty,0.419389,0.419389,0.0,0.308274,0,1,1
484,484,test,faulty,0.414101,0.414101,0.0,0.308274,0,1,1
485,485,test,faulty,0.110466,0.110466,0.0,0.308274,0,1,1
486,486,test,faulty,0.232104,0.232104,0.0,0.308274,0,1,1
487,487,test,faulty,0.447255,0.447255,0.0,0.308274,0,1,1
488,488,test,faulty,0.603845,0.603845,0.155,0.308274,0,1,1
489,489,test,faulty,0.532535,0.532535,0.169056,0.308274,0,1,1
490,490,test,faulty,0.53133,0.53133,0.18073,0.308274,0,1,1
491,491,test,faulty,0.492776,0.492776,0.116202,0.308274,0,1,1
492,492,test,faulty,-0.246933,-0.246933,0.0,0.308274,0,1,1
493,493,test,faulty,0.085529,0.085529,0.0,0.308274,0,1,1
494,494,test,faulty,0.248754,0.248754,0.0,0.308274,0,1,1
495,495,test,faulty,-0.346345,-0.346345,0.0,0.308274,0,1,1
496,496,test,faulty,0.325043,0.325043,0.0,0.308274,0,1,1
497,497,test,faulty,0.328637,0.328637,0.0,0.308274,0,1,1
498,498,test,faulty,-0.025656,-0.025656,0.0,0.308274,0,1,1
499,499,test,faulty,0.03216,0.03216,0.0,0.308274,0,1,1
500,500,test,faulty,-0.101042,-0.101042,0.0,0.308274,0,1,1
501,501,test,faulty,0.061683,0.061683,0.0,0.308274,0,1,1
502,502,test,faulty,0.035486,0.035486,0.0,0.308274,0,1,1
503,503,test,faulty,0.020351,0.020351,0.0,0.308274,0,1,1
504,504,test,faulty,-0.204346,-0.204346,0.0,0.308274,0,1,1
505,505,test,faulty,0.055679,0.055679,0.0,0.308274,0,1,1
506,506,test,faulty,-0.111748,-0.111748,0.0,0.308274,0,1,1
507,507,test,faulty,0.12484,0.12484,0.0,0.308274,0,1,1
508,508,test,faulty,-0.024216,-0.024216,0.0,0.308274,0,1,1
509,509,test,faulty,-0.405024,-0.405024,0.0,0.308274,0,1,1
510,510,test,faulty,-0.417956,-0.417956,0.0,0.308274,0,1,1
511,511,test,faulty,-0.13638,-0.13638,0.0,0.308274,0,1,1
512,512,test,faulty,-0.268042,-0.268042,0.0,0.308274,0,1,1
513,513,test,faulty,-0.09738,-0.09738,0.0,0.308274,0,1,1
514,514,test,faulty,-0.050061,-0.050061,0.0,0.308274,0,1,1
515,515,test,faulty,-0.226947,-0.226947,0.0,0.308274,0,1,1
516,516,test,faulty,-0.587068,-0.587068,0.098832,0.308274,0,1,1
517,517,test,faulty,-0.507653,-0.507653,0.040701,0.308274,0,1,1
518,518,test,faulty,-0.172307,-0.172307,0.0,0.308274,0,1,1
519,519,test,faulty,-0.514426,-0.514426,0.0,0.308274,0,1,1
520,520,test,faulty,-0.099582,-0.099582,0.0,0.308274,0,1,1
521,521,test,faulty,-0.355928,-0.355928,0.0,0.308274,0,1,1
522,522,test,faulty,-0.249595,-0.249595,0.0,0.308274,0,1,1
523,523,test,faulty,-0.545452,-0.545452,0.016579,0.308274,0,1,1
524,524,test,faulty,-0.40301,-0.40301,0.0,0.308274,0,1,1
525,525,test,faulty,-0.98892,-0.98892,0.893089,0.308274,1,1,1
526,526,test,faulty,-0.451218,-0.451218,0.723414,0.308274,1,1,1
527,527,test,faulty,-0.306794,-0.306794,0.268286,0.308274,0,1,1
528,528,test,faulty,-0.612375,-0.612375,0.417138,0.308274,1,1,1
529,529,test,faulty,-0.61201,-0.61201,0.565267,0.308274,1,1,1
530,530,test,faulty,-0.463812,-0.463812,0.420484,0.308274,1,1,1
531,531,test,faulty,-0.448961,-0.448961,0.246349,0.308274,0,1,1
532,532,test,faulty,-0.63148,-0.63148,0.43296,0.308274,1,1,1
533,533,test,faulty,-0.341705,-0.341705,0.046834,0.308274,0,1,1
534,534,test,faulty,-0.812078,-0.812078,0.590397,0.308274,1,1,1
535,535,test,faulty,-0.265243,-0.265243,0.053143,0.308274,0,1,1
536,536,test,faulty,-0.773089,-0.773089,0.519645,0.308274,1,1,1
537,537,test,faulty,-0.660361,-0.660361,0.763339,0.308274,1,1,1
538,538,test,faulty,-0.231743,-0.231743,0.159874,0.308274,0,1,1
539,539,test,faulty,-0.69844,-0.69844,0.478831,0.308274,1,1,1
540,540,test,faulty,-0.830652,-0.830652,1.059105,0.308274,1,1,1
541,541,test,faulty,-0.484352,-0.484352,0.954919,0.308274,1,1,1
542,542,test,faulty,-0.682011,-0.682011,1.241406,0.308274,1,1,1
543,543,test,faulty,-0.71905,-0.71905,1.601099,0.308274,1,1,1
544,544,test,faulty,-0.632672,-0.632672,1.790066,0.308274,1,1,1
545,545,test,faulty,-0.636909,-0.636909,1.987408,0.308274,1,1,1
546,546,test,faulty,-0.677963,-0.677963,2.265893,0.308274,1,1,1
547,547,test,faulty,-0.682592,-0.682592,2.553528,0.308274,1,1,1
548,548,test,faulty,-0.147425,-0.147425,1.783408,0.308274,1,1,1
549,549,test,faulty,-0.596399,-0.596399,1.900682,0.308274,1,1,1
550,550,test,faulty,-0.258886,-0.258886,1.350864,0.308274,1,1,1
551,551,test,faulty,-0.72452,-0.72452,1.721369,0.308274,1,1,1
552,552,test,faulty,-0.324171,-0.324171,1.300585,0.308274,1,1,1
553,553,test,faulty,-0.671809,-0.671809,1.566907,0.308274,1,1,1
554,554,test,faulty,-0.5013,-0.5013,1.49622,0.308274,1,1,1
555,555,test,faulty,-0.269507,-0.269507,0.967395,0.308274,1,1,1
556,556,test,faulty,-0.489146,-0.489146,0.872684,0.308274,1,1,1
557,557,test,faulty,-0.7616,-0.7616,1.316479,0.308274,1,1,1
558,558,test,faulty,-0.464019,-0.464019,1.172105,0.308274,1,1,1
559,559,test,faulty,-0.369322,-0.369322,0.840564,0.308274,1,1,1
560,560,test,faulty,-0.206717,-0.206717,0.187633,0.308274,0,1,1
561,561,test,faulty,-0.504044,-0.504044,0.122368,0.308274,0,1,1
562,562,test,faulty,-0.34645,-0.34645,0.0,0.308274,0,1,1
563,563,test,faulty,-0.256139,-0.256139,0.0,0.308274,0,1,1
564,564,test,faulty,-0.579826,-0.579826,0.084518,0.308274,0,1,1
565,565,test,faulty,-0.25221,-0.25221,0.0,0.308274,0,1,1
566,566,test,faulty,-0.376942,-0.376942,0.0,0.308274,0,1,1
567,567,test,faulty,-0.103774,-0.103774,0.0,0.308274,0,1,1
568,568,test,faulty,-0.193075,-0.193075,0.0,0.308274,0,1,1
569,569,test,faulty,-0.183643,-0.183643,0.0,0.308274,0,1,1
570,570,test,faulty,-0.612335,-0.612335,0.148772,0.308274,0,1,1
571,571,test,faulty,-0.129971,-0.129971,0.0,0.308274,0,1,1
572,572,test,faulty,-0.160945,-0.160945,0.0,0.308274,0,1,1
573,573,test,faulty,-0.25402,-0.25402,0.0,0.308274,0,1,1
574,574,test,faulty,-0.145663,-0.145663,0.0,0.308274,0,1,1
575,575,test,faulty,-0.274568,-0.274568,0.0,0.308274,0,1,1
